{
    "train_loss":[
        2.439396768808365,
        2.164228520610116,
        2.1007384874603967,
        2.0387631600553338,
        2.019665317101912,
        2.0098742327906867,
        2.0053432299332186,
        1.999092387882146,
        1.9976852400736376,
        1.9901514378460972,
        1.986685335636139,
        1.985991047187285,
        1.9854701608419418,
        1.9850177290764721,
        1.9847117432139136,
        1.9846128875559026,
        1.9844003346833317,
        1.984337573701685,
        1.9842247461730784,
        1.984054836359891,
        1.9840925119139932,
        1.9840609268708662,
        1.984006563370878,
        1.9840456382794813,
        1.9840231212702664,
        1.9840482215989719,
        1.984026918357069,
        1.9840440289540724,
        1.9840304837985472,
        1.9840470335700295
    ],
    "train_acc":[
        0.5873579545454546,
        0.8434836647727273,
        0.9036754261363636,
        0.9599609375,
        0.974609375,
        0.9811789772727273,
        0.9841974431818182,
        0.9896129261363636,
        0.9893465909090909,
        0.9952947443181818,
        0.9970703125,
        0.9972478693181818,
        0.9976029829545454,
        0.9979580965909091,
        0.998046875,
        0.998046875,
        0.9981356534090909,
        0.9981356534090909,
        0.9981356534090909,
        0.9982244318181818,
        0.9982244318181818,
        0.9982244318181818,
        0.9984019886363636,
        0.9983132102272727,
        0.9984019886363636,
        0.9983132102272727,
        0.9983132102272727,
        0.9983132102272727,
        0.9984019886363636,
        0.9982244318181818
    ],
    "valid_loss":[
        2.392969023097645,
        2.434811093590476,
        2.270231160250577,
        2.1973271695050327,
        2.136655709960244,
        2.0993963913484053,
        2.293285922570662,
        2.1879666176709263,
        2.21586520021612,
        1.9995911012996326,
        1.9989603541114114,
        1.9977196563373913,
        1.9980767423456365,
        1.9980486793951555,
        1.996602253480391,
        1.9960020997307517,
        1.9972256367856807,
        1.9965874498540706,
        1.9960387349128723,
        1.9960597590966658,
        1.9962820302356372,
        1.9965397769754583,
        1.9964445558461277,
        1.9960225332867017,
        1.9964732961221174,
        1.9959191625768489,
        1.9966319040818648,
        1.9962222251025112,
        1.9963284514167092,
        1.9960583340037952
    ],
    "valid_acc":[
        0.6239346861839294,
        0.5617897510528564,
        0.7453835010528564,
        0.8110795617103577,
        0.8799715638160706,
        0.9055397510528564,
        0.7063210010528564,
        0.8114346861839294,
        0.77734375,
        0.9857954382896423,
        0.9868608117103577,
        0.9872159361839294,
        0.9875710010528564,
        0.9872159361839294,
        0.9889914989471436,
        0.9907670617103577,
        0.9875710010528564,
        0.9879261255264282,
        0.9893465638160706,
        0.9886363744735718,
        0.9886363744735718,
        0.98828125,
        0.9889914989471436,
        0.9889914989471436,
        0.9875710010528564,
        0.9893465638160706,
        0.9886363744735718,
        0.98828125,
        0.9889914989471436,
        0.9886363744735718
    ],
    "best_epoch":16
}