{
    "train_loss":[
        2.4302589920434086,
        2.1750071590596978,
        2.090394908731634,
        2.0448710241101007,
        2.021483990279111,
        2.0111871009523217,
        2.00716125423258,
        2.0040119981223885,
        1.9937850683927536,
        1.9891836155544629,
        1.9878208406946876,
        1.987013739618388,
        1.9864565459164707,
        1.9861163971098987,
        1.98572999374433,
        1.9855165684765035,
        1.9853121882135218,
        1.9850782372734763,
        1.9850882914933292,
        1.9850785583257675,
        1.9850520450960507,
        1.98501395908269,
        1.9850070097229697,
        1.9849810803478414,
        1.984952762722969,
        1.984981494871053,
        1.9850126667456194,
        1.984936081550338,
        1.9849548190832138,
        1.9849938682534478
    ],
    "train_acc":[
        0.5993430397727273,
        0.8251065340909091,
        0.9185014204545454,
        0.9525923295454546,
        0.9713245738636364,
        0.9801136363636364,
        0.9818892045454546,
        0.9855291193181818,
        0.9920987215909091,
        0.9946732954545454,
        0.9960049715909091,
        0.9967151988636364,
        0.9970703125,
        0.9971590909090909,
        0.9972478693181818,
        0.9973366477272727,
        0.9974254261363636,
        0.9976029829545454,
        0.9976029829545454,
        0.9976029829545454,
        0.9976029829545454,
        0.9976029829545454,
        0.9976029829545454,
        0.9976029829545454,
        0.9976029829545454,
        0.9976029829545454,
        0.9976029829545454,
        0.9976029829545454,
        0.9976029829545454,
        0.9976029829545454
    ],
    "valid_loss":[
        2.438902399756692,
        2.261142448945479,
        2.125445073301142,
        2.1322592063383623,
        2.0394183939153496,
        2.0953531048514624,
        2.1673153313723477,
        2.2012039748105137,
        2.002296897498044,
        2.001729878512296,
        2.000245982950384,
        2.0001276677305047,
        1.9989182894880122,
        1.998041196302934,
        1.997763758355921,
        1.9975877620957114,
        1.9974018768830732,
        1.9964624589139766,
        1.996299147605896,
        1.9961239370432766,
        1.996438584544442,
        1.9963688362728467,
        1.9960277514024214,
        1.995608150959015,
        1.9963805783878674,
        1.9965559460900046,
        1.9961782152002507,
        1.9961499734358354,
        1.9961145303466103,
        1.9959997968240217
    ],
    "valid_acc":[
        0.5752840638160706,
        0.7514204382896423,
        0.8668323755264282,
        0.8764204382896423,
        0.9580965638160706,
        0.8980823755264282,
        0.8394886255264282,
        0.8018465638160706,
        0.9847301244735718,
        0.9857954382896423,
        0.9865056872367859,
        0.9857954382896423,
        0.9865056872367859,
        0.9886363744735718,
        0.9886363744735718,
        0.9857954382896423,
        0.9875710010528564,
        0.9889914989471436,
        0.9897016882896423,
        0.9886363744735718,
        0.9893465638160706,
        0.9900568127632141,
        0.9897016882896423,
        0.9900568127632141,
        0.9893465638160706,
        0.9889914989471436,
        0.9893465638160706,
        0.9889914989471436,
        0.9904119372367859,
        0.9900568127632141
    ],
    "best_epoch":29
}