{
    "train_loss":[
        2.432506184686314,
        2.1585762284018775,
        2.0714996971867303,
        2.0371910360726444,
        2.015526270324534,
        2.0096509646285665,
        1.9972051314332269,
        1.992440097711303,
        1.9908968738534234,
        1.9895316633311184,
        1.9888700260357424,
        1.9882350780747153,
        1.987756689841097,
        1.9873151101849296,
        1.9868990819562564,
        1.986784807660363,
        1.9867065657268872,
        1.9866526208140634,
        1.9867062528025021,
        1.9866360060193322,
        1.9867212853648446,
        1.9866598587144504,
        1.9866328618743203,
        1.9866192625327543,
        1.9866240877996793,
        1.9866179024631327,
        1.9865735782818361,
        1.98665851354599,
        1.9866291000084444,
        1.986586639826948
    ],
    "train_acc":[
        0.6002308238636364,
        0.8478338068181818,
        0.9382102272727273,
        0.9622691761363636,
        0.9779829545454546,
        0.9809126420454546,
        0.9900568181818182,
        0.9928977272727273,
        0.9937855113636364,
        0.9952947443181818,
        0.9955610795454546,
        0.9959161931818182,
        0.99609375,
        0.9962713068181818,
        0.9965376420454546,
        0.9966264204545454,
        0.9966264204545454,
        0.9967151988636364,
        0.9968039772727273,
        0.9967151988636364,
        0.9967151988636364,
        0.9967151988636364,
        0.9966264204545454,
        0.9967151988636364,
        0.9968039772727273,
        0.9967151988636364,
        0.9968039772727273,
        0.9966264204545454,
        0.9968927556818182,
        0.9968039772727273
    ],
    "valid_loss":[
        2.2459894201972266,
        2.1505115899172695,
        2.132637153972279,
        2.307226386937228,
        2.2249281731518833,
        2.1664838140661065,
        2.0049785538153215,
        2.0045175064693797,
        2.003277372230183,
        2.002692851153287,
        2.001912973143838,
        2.001650940288197,
        2.0020933151245117,
        2.0016888921911065,
        2.00083341923627,
        2.0006700374863366,
        2.0002089467915622,
        1.9997588287700305,
        2.0001669471914116,
        1.9998586665500293,
        1.9996401450850747,
        2.0000016472556372,
        1.999965570189736,
        2.000240894881162,
        2.000293726270849,
        2.0004487850449304,
        1.9999672824686223,
        2.000367430123416,
        2.000401870770888,
        1.999950024214658
    ],
    "valid_acc":[
        0.7890625,
        0.8483664989471436,
        0.8639914989471436,
        0.6967329382896423,
        0.7830255627632141,
        0.8338068127632141,
        0.9836647510528564,
        0.9836647510528564,
        0.9836647510528564,
        0.9840198755264282,
        0.9847301244735718,
        0.9840198755264282,
        0.9840198755264282,
        0.984375,
        0.9836647510528564,
        0.984375,
        0.9840198755264282,
        0.9868608117103577,
        0.9847301244735718,
        0.9854403138160706,
        0.9861505627632141,
        0.9854403138160706,
        0.9861505627632141,
        0.9850852489471436,
        0.9857954382896423,
        0.9861505627632141,
        0.9854403138160706,
        0.9847301244735718,
        0.9847301244735718,
        0.9857954382896423
    ],
    "best_epoch":18
}